Tweets,len,ID,Date,Source,Likes,RTs,SA
.@FLOTUS Melania and I join millions of people around the world in mourning the passing of Billy Graham. Our prayer‚Ä¶ https://t.co/Q8BrGTiHuP,140,966420452070559749,2018-02-21 21:12:45,Twitter for iPhone,40910,9725,0
"Yesterday, it was my great honor to recognize extraordinary Law Enforcement Officers and First Responders, and to a‚Ä¶ https://t.co/PsfNaJrfEB",140,966377081469882368,2018-02-21 18:20:25,Media Studio,45070,9833,1
"Question: If all of the Russian meddling took place during the Obama Administration, right up to January 20th, why‚Ä¶ https://t.co/dquN8v8VwU",139,966321700588711936,2018-02-21 14:40:21,Twitter for iPhone,84157,24260,1
The GREAT Billy Graham is dead. There was nobody like him! He will be missed by Christians and all religions. A very special man.,129,966317112565420033,2018-02-21 14:22:07,Twitter for iPhone,113267,24967,1
"@CNN @MSNBC Whether we are Republican or Democrat, we must now focus on strengthening Background Checks!",104,966119932793585664,2018-02-21 01:18:36,Twitter for iPhone,71367,14623,0
"So true, thank you! https://t.co/9TTXlfokYz",43,966118856874971138,2018-02-21 01:14:19,Twitter for iPhone,88297,20033,1
Bad ratings @CNN &amp; @MSNBC got scammed when they covered the anti-Trump Russia rally wall-to-wall. They probably kne‚Ä¶ https://t.co/1s5PQaBe2g,144,966117265426001920,2018-02-21 01:08:00,Twitter for iPhone,84866,20497,-1
"Main Street is BOOMING thanks to our incredible TAX CUT and Reform law. ""This shows small-business owners are more‚Ä¶ https://t.co/gkJczuVCt6",139,966006815745040384,2018-02-20 17:49:07,Twitter for iPhone,68042,16447,1
....cameras running. Another False Accusation. Why doesn‚Äôt @washingtonpost report the story of the women taking mon‚Ä¶ https://t.co/OTpK1KLYOL,140,965971586913374208,2018-02-20 15:29:07,Twitter for iPhone,73635,18908,-1
"A woman I don‚Äôt know and, to the best of my knowledge, never met, is on the FRONT PAGE of the Fake News Washington‚Ä¶ https://t.co/lWlDMu6gxb",139,965968309358333952,2018-02-20 15:16:06,Twitter for iPhone,89342,20787,1
"I have been much tougher on Russia than Obama, just look at the facts. Total Fake News!",87,965943827931549696,2018-02-20 13:38:49,Twitter for iPhone,73114,15633,-1
"Hope Republicans in the Great State of Pennsylvania challenge the new ‚Äúpushed‚Äù Congressional Map, all the way to th‚Ä¶ https://t.co/bT190oQKpM",140,965937068907073536,2018-02-20 13:11:58,Twitter for iPhone,73949,19418,1
Matt Schlapp and CPAC are getting ready for another exciting event. Big difference from those days when President O‚Ä¶ https://t.co/KxKVJL0Bc4,140,965935035328155649,2018-02-20 13:03:53,Twitter for iPhone,47826,9720,1
"Republicans are now leading the Generic Poll, perhaps because of the popular Tax Cuts which the Dems want to take a‚Ä¶ https://t.co/TQfyR96KP8",140,965932714141650946,2018-02-20 12:54:39,Twitter for iPhone,77087,16546,1
....The President Obama quote just before election. That‚Äôs because he thought Crooked Hillary was going to win and‚Ä¶ https://t.co/59Wli8q1pN,139,965930611272712192,2018-02-20 12:46:18,Twitter for iPhone,79500,19757,1
"‚ÄúThere is no serious person out there who would suggest somehow that you could even rig America‚Äôs elections, there‚Äô‚Ä¶ https://t.co/eJ9M6A2H50",140,965928352614965248,2018-02-20 12:37:20,Twitter for iPhone,63424,16752,1
Thank you to @foxandfriends for the great timeline on all of the failures the Obama Administration had against Russ‚Ä¶ https://t.co/SI7CxX4a7C,140,965925223949357056,2018-02-20 12:24:54,Twitter for iPhone,62296,14154,1
"‚ÄúThe Faith of Donald Trump,‚Äù a book just out by David Brody and Scott Lamb, is a very interesting read. Enjoy!",110,965780052167286784,2018-02-20 02:48:02,Twitter for iPhone,65276,12956,1
"The U.S. economy is looking very good, in my opinion, even better than anticipated. Companies are pouring back into‚Ä¶ https://t.co/Sxweprvk7N",140,965775382598311937,2018-02-20 02:29:29,Twitter for iPhone,116713,24845,1
.@MittRomney has announced he is running for the Senate from the wonderful State of Utah. He will make a great Sena‚Ä¶ https://t.co/h1RaVb2OVj,140,965773283554668544,2018-02-20 02:21:08,Twitter for iPhone,52551,9214,1
"Obama was President up to, and beyond, the 2016 Election. So why didn‚Äôt he do something about Russian meddling?",111,965676314576543744,2018-02-19 19:55:49,Twitter for iPhone,88877,21973,0
"Have a great, but very reflective, President‚Äôs Day!",51,965582280772276224,2018-02-19 13:42:10,Twitter for iPhone,142857,24030,1
"Just watched a very insecure Oprah Winfrey, who at one point I knew very well, interview a panel of people on 60 Mi‚Ä¶ https://t.co/7iuf59562i",140,965442990134251520,2018-02-19 04:28:40,Twitter for iPhone,152176,34600,-1
"My great friends from NASCAR are having their big race today, The Daytona 500. Brian France and the France family a‚Ä¶ https://t.co/EWBOQxPW2S",140,965303158229622785,2018-02-18 19:13:02,Twitter for iPhone,101034,15552,1
"Thank you to KenStarr, former Independent Counsel, Whitewater, for your insight and powerful words on FISA abuse, R‚Ä¶ https://t.co/XGIgUkn3qK",140,965272331978407937,2018-02-18 17:10:32,Twitter for iPhone,76650,17899,1
Great Pollster John McLaughlin now has the GOP up in the Generic Congressional Ballot. Big gain over last 4 weeks.‚Ä¶ https://t.co/iIrNmfPgbQ,139,965223354633457665,2018-02-18 13:55:55,Twitter for iPhone,96346,21847,1
The Fake News of big ratings loser CNN. https://t.co/rYsv90cnvs,63,965221024496279552,2018-02-18 13:46:39,Twitter for iPhone,76521,19823,-1
"If it was the GOAL of Russia to create discord, disruption and chaos within the U.S. then, with all of the Committe‚Ä¶ https://t.co/fx3CPabzTi",140,965212168449941505,2018-02-18 13:11:28,Twitter for iPhone,117779,33213,0
"RT @mike_pence: Big night. Largest-ever Dallas County GOP Reagan Day Dinner. As I told the crowd, under President @realDonaldTrump: Promise‚Ä¶",140,965207569852780544,2018-02-18 12:53:11,Twitter for iPhone,0,12633,0
"Now that Adam Schiff is starting to blame President Obama for Russian meddling in the election, he is probably doin‚Ä¶ https://t.co/R2OTHSUYP9",140,965205208191168512,2018-02-18 12:43:48,Twitter for iPhone,89506,19787,0
"I never said Russia did not meddle in the election, I said ‚Äúit may be Russia, or China or another country or group,‚Ä¶ https://t.co/1dMjQbLlSC",140,965202556204003328,2018-02-18 12:33:16,Twitter for iPhone,125671,31584,0
"Finally, Liddle‚Äô Adam Schiff, the leakin‚Äô monster of no control, is now blaming the Obama Administration for Russia‚Ä¶ https://t.co/9HNsbaWwWj",140,965199840471810049,2018-02-18 12:22:29,Twitter for iPhone,107898,28486,0
"Never gotten over the fact that Obama was able to send $1.7 Billion Dollars in CASH to Iran and nobody in Congress,‚Ä¶ https://t.co/5nQ35ANIrg",140,965194903142719489,2018-02-18 12:02:52,Twitter for iPhone,123134,37951,1
General McMaster forgot to say that the results of the 2016 election were not impacted or changed by the Russians a‚Ä¶ https://t.co/ilaHKwf6Jy,140,965079126829871104,2018-02-18 04:22:48,Twitter for iPhone,96272,27124,1
Very sad that the FBI missed all of the many signals sent out by the Florida school shooter. This is not acceptable‚Ä¶ https://t.co/yvvTEmad2e,140,965075589274177536,2018-02-18 04:08:45,Twitter for iPhone,148460,37214,-1
"Just like they don‚Äôt want to solve the DACA problem, why didn‚Äôt the Democrats pass gun control legislation when the‚Ä¶ https://t.co/c2gS0ByFUw",140,965009332042596352,2018-02-17 23:45:28,Twitter for iPhone,122650,32386,0
‚ÄúI have seen all of the Russian ads and I can say very definitively that swaying the election was *NOT* the main go‚Ä¶ https://t.co/y4PVZ6KZqv,140,964956781670694912,2018-02-17 20:16:39,Twitter for iPhone,57769,16968,1
"The Fake News Media never fails. Hard to ignore this fact from the Vice President of Facebook Ads, Rob Goldman! https://t.co/XGC7ynZwYJ",135,964955496137535488,2018-02-17 20:11:32,Twitter for iPhone,60248,18622,-1
"Funny how the Fake News Media doesn‚Äôt want to say that the Russian group was formed in 2014, long before my run for‚Ä¶ https://t.co/9BPo5EB5WN",140,964949269374529538,2018-02-17 19:46:48,Twitter for iPhone,105566,25665,-1
Deputy A.G. Rod Rosenstein stated at the News Conference: ‚ÄúThere is no allegation in the indictment that any Americ‚Ä¶ https://t.co/pPhsPl34Ie,140,964946611502747649,2018-02-17 19:36:14,Twitter for iPhone,90039,21967,0
"‚ÄúCharges Deal Don A Big Win,‚Äù written by Michael Goodwin of the @nypost, succinctly states that ‚Äúthe Russians had n‚Ä¶ https://t.co/yoFUA9PolC",140,964944088696049666,2018-02-17 19:26:13,Twitter for iPhone,70804,18979,1
"Melania and I met such incredible people last night in Broward County, Florida. Will never forget them, or the evening!",119,964938678362628096,2018-02-17 19:04:43,Twitter for iPhone,96341,14697,1
"Our entire Nation, w/one heavy heart, continues to pray for the victims &amp; their families in Parkland, FL. To teache‚Ä¶ https://t.co/jR8THlLD5z",144,964724390637244417,2018-02-17 04:53:13,Twitter for iPhone,117851,24781,-1
"Russia started their anti-US campaign in 2014, long before I announced that I would run for President. The results‚Ä¶ https://t.co/B4D7ZcKHPp",139,964594780088033282,2018-02-16 20:18:11,Twitter for iPhone,141865,37453,-1
Cannot believe how BADLY DACA recipients have been treated by the Democrats...totally abandoned! Republicans are still working hard.,132,964512164865363968,2018-02-16 14:49:54,Twitter for iPhone,97205,21942,-1
I will be leaving for Florida today to meet with some of the bravest people on earth - but people whose lives have‚Ä¶ https://t.co/1APUFLwj1f,139,964509154357411840,2018-02-16 14:37:56,Twitter for iPhone,119993,19973,0
"Presidential Proclamation Honoring the Victims of the Tragedy in Parkland, Florida: https://t.co/RTQWAKiSnR https://t.co/Nhs32bm5zB",131,964232645495459840,2018-02-15 20:19:11,Twitter for iPhone,61654,13595,0
"...lottery, continues deadly catch-and-release, and bars enforcement even for FUTURE illegal immigrants. Voting for‚Ä¶ https://t.co/ruP4vp9vxa",140,964219299211735040,2018-02-15 19:26:09,Twitter for iPad,59949,15282,-1
The Schumer-Rounds-Collins immigration bill would be a total catastrophe. @DHSgov says it would be ‚Äúthe end of immi‚Ä¶ https://t.co/FegRjpmNZj,140,964219102683377665,2018-02-15 19:25:23,Twitter for iPad,72239,20094,0
"RT @SpoxDHS: Schumer-Rounds-Collins destroys the ability of @DHSgov to enforce immigration laws, creating a mass amnesty for over 10 millio‚Ä¶",140,964218319783055360,2018-02-15 19:22:16,Twitter for iPad,0,8003,0
"In times of tragedy, the bonds that sustain us are those of family, faith, community, and country. These bonds are‚Ä¶ https://t.co/LraxXxUN3D",139,964190995687591936,2018-02-15 17:33:41,Media Studio,82231,19600,0
"While the Republicans and Democrats in Congress are working hard to come up with a solution to DACA, they should be‚Ä¶ https://t.co/qti7gQGh0I",140,964151653669711872,2018-02-15 14:57:21,Twitter for iPhone,100966,20708,-1
"So many signs that the Florida shooter was mentally disturbed, even expelled from school for bad and erratic behavi‚Ä¶ https://t.co/3mSYrtTng6",140,964110212885106689,2018-02-15 12:12:41,Twitter for iPhone,89011,20935,-1
Just spoke to Governor Rick Scott. We are working closely with law enforcement on the terrible Florida school shooting.,119,963879275324760070,2018-02-14 20:55:01,Twitter for iPhone,111450,19443,-1
"My prayers and condolences to the families of the victims of the terrible Florida shooting. No child, teacher or an‚Ä¶ https://t.co/RFJxgM1jhm",140,963878055969198080,2018-02-14 20:50:11,Twitter for iPhone,173602,39597,-1
"Today, I was honored to be joined by Republicans and Democrats from both the House and Senate, as well as members o‚Ä¶ https://t.co/38kUIIV8Cp",140,963853233000275969,2018-02-14 19:11:32,Twitter for iPad,55994,11270,0
"As we come together to celebrate the extraordinary contributions of African-Americans to our nation, our thoughts t‚Ä¶ https://t.co/SwAJxO88zC",140,963839056533626880,2018-02-14 18:15:12,Media Studio,65018,14925,1
Negotiations on DACA have begun. Republicans want to make a deal and Democrats say they want to make a deal. Wouldn‚Ä¶ https://t.co/YW4mCpHr0R,140,963365328716812288,2018-02-13 10:52:47,Twitter for iPhone,106871,22595,0
"Our infrastructure plan has been put forward and has received great reviews by everyone except, of course, the Demo‚Ä¶ https://t.co/2EfB9sObdN",140,963362959463469058,2018-02-13 10:43:22,Twitter for iPhone,105729,22851,1
The journey to #MAGA began @CPAC 2011 and the opportunity to reconnect with friends and supporters is something I l‚Ä¶ https://t.co/DSz3Szp4xE,140,963152799486828544,2018-02-12 20:48:16,Twitter for iPhone,67622,14361,0
"Thank you to Sue Kruczek, who lost her wonderful and talented son Nick to the Opioid scourge, for your kind words w‚Ä¶ https://t.co/0kIdepXBdi",140,963033580107653120,2018-02-12 12:54:32,Twitter for iPhone,86903,16795,1
"This will be a big week for Infrastructure. After so stupidly spending $7 trillion in the Middle East, it is now ti‚Ä¶ https://t.co/OcX7UN18Er",140,963031666150313984,2018-02-12 12:46:56,Twitter for iPhone,139247,30421,-1
Just spoke to @JohnKasich to express condolences and prayers to all for the horrible shooting of two great police o‚Ä¶ https://t.co/X7AhuEYwHI,140,962787355932360706,2018-02-11 20:36:08,Twitter for iPhone,77539,14884,-1
"Rep. Lou Barletta, a Great Republican from Pennsylvania who was one of my very earliest supporters, will make a FAN‚Ä¶ https://t.co/dA2lK3WHFU",140,962784821389996033,2018-02-11 20:26:03,Twitter for iPhone,97330,24041,1
4.2 million hard working Americans have already received a large Bonus and/or Pay Increase because of our recently‚Ä¶ https://t.co/oJl5AiCPZs,139,962767075457593344,2018-02-11 19:15:32,Twitter for iPhone,124855,25018,-1
So many positive things going on for the U.S.A. and the Fake News Media just doesn‚Äôt want to go there. Same negativ‚Ä¶ https://t.co/LBnzRfAkJx,140,962753552824365056,2018-02-11 18:21:48,Twitter for iPhone,123738,31031,1
"My Administration has identified three major priorities for creating a safe, modern and lawful immigration system:‚Ä¶ https://t.co/DrjXUak41S",139,962469767109009408,2018-02-10 23:34:08,Media Studio,119182,31968,1
"My thoughts and prayers are with the two police officers, their families, and everybody at the @WestervillePD. https://t.co/AoingY77Ky",134,962435602296786944,2018-02-10 21:18:23,Twitter for iPhone,84938,20463,0
Republicans want to fix DACA far more than the Democrats do. The Dems had all three branches of government back in‚Ä¶ https://t.co/0Or3U2CFZR,139,962398269593784321,2018-02-10 18:50:02,Twitter for iPhone,118118,30479,1
"....agencies, not just the FBI &amp; DOJ, now the State Department to dig up dirt on him in the days leading up to the‚Ä¶ https://t.co/Of9d7fmsA3",143,962394439846191105,2018-02-10 18:34:49,Twitter for iPhone,75735,19929,0
‚ÄúMy view is that not only has Trump been vindicated in the last several weeks about the mishandling of the Dossier‚Ä¶ https://t.co/dWJuKECfwn,139,962389786328797184,2018-02-10 18:16:20,Twitter for iPhone,101444,25811,0
Peoples lives are being shattered and destroyed by a mere allegation. Some are true and some are false. Some are ol‚Ä¶ https://t.co/6Zz5RAeoQe,140,962348831789797381,2018-02-10 15:33:35,Twitter for iPhone,136879,37225,-1
"According to the @nytimes, a Russian sold phony secrets on ‚ÄúTrump‚Äù to the U.S. Asking price was $10 million, brough‚Ä¶ https://t.co/CBMaAX5VMt",140,962345433170415616,2018-02-10 15:20:05,Twitter for iPhone,105715,32818,0
"The Democrats sent a very political and long response memo which they knew, because of sources and methods (and mor‚Ä¶ https://t.co/iR1265rmh3",140,962330457886076928,2018-02-10 14:20:35,Twitter for iPhone,117672,32317,-1
Jobless claims have dropped to a 45 year low!,45,962326008127946752,2018-02-10 14:02:54,Twitter for iPhone,64858,13793,0
"Costs on non-military lines will never come down if we do not elect more Republicans in the 2018 Election, and beyo‚Ä¶ https://t.co/WgvQYGEaMu",140,961962694650757121,2018-02-09 13:59:13,Twitter for iPhone,89616,21412,-1
"Without more Republicans in Congress, we were forced to increase spending on things we do not like or want in order‚Ä¶ https://t.co/7dfsJYWjRY",140,961959738853548033,2018-02-09 13:47:28,Twitter for iPhone,110594,28087,1
Just signed Bill. Our Military will now be stronger than ever before. We love and need our Military and gave them e‚Ä¶ https://t.co/9MtCabhzj8,140,961957671246159875,2018-02-09 13:39:15,Twitter for iPhone,130508,27208,1
Wow! -Senator Mark Warner got caught having extensive contact with a lobbyist for a Russian oligarch. Warner did no‚Ä¶ https://t.co/N5SoaLnllm,140,961802557646569475,2018-02-09 03:22:53,Twitter for iPhone,127893,39883,1
Time to end the visa lottery. Congress must secure the immigration system and protect Americans. https://t.co/yukxm48x9X,120,961743032952459264,2018-02-08 23:26:22,Twitter for iPhone,97865,24099,1
As long as we open our eyes to God‚Äôs grace - and open our hearts to God‚Äôs love - then America will forever be the l‚Ä¶ https://t.co/wGUIaD1JX6,140,961693860916289536,2018-02-08 20:10:58,Twitter for iPad,110269,30733,1
"I will be meeting with Henry Kissinger at 1:45pm. Will be discussing North Korea, China and the Middle East.",108,961671974153080834,2018-02-08 18:44:00,Twitter for iPhone,79920,13598,0
Our founders invoked our Creator four times in the Declaration of Independence. Our currency declares ‚ÄúIN GOD WE TR‚Ä¶ https://t.co/q8ib233y1M,140,961649129834283008,2018-02-08 17:13:13,Twitter for iPad,107074,29332,0
Will be heading over shortly to make remarks at The National Prayer Breakfast in Washington. Great religious and po‚Ä¶ https://t.co/bEReTLNLo4,140,961557382387167238,2018-02-08 11:08:39,Twitter for iPhone,106373,17843,1
The Budget Agreement today is so important for our great Military. It ends the dangerous sequester and gives Secret‚Ä¶ https://t.co/VRkKsNDZGC,140,961368036782628864,2018-02-07 22:36:15,Twitter for iPhone,109454,23182,1
Congratulations to the Republic of Korea on what will be a MAGNIFICENT Winter Olympics! What the South Korean peopl‚Ä¶ https://t.co/gGaZUnZBMa,140,961362249880252416,2018-02-07 22:13:16,Media Studio,70566,13317,1
Best wishes to the Republic of Korea on hosting the @Olympics! What a wonderful opportunity to show everyone that y‚Ä¶ https://t.co/NL6cIfHZgN,140,961298788219420672,2018-02-07 18:01:05,Media Studio,65494,12756,1
NEW FBI TEXTS ARE BOMBSHELLS!,29,961270833569202176,2018-02-07 16:10:00,Twitter for iPhone,138243,39804,1
"In the ‚Äúold days,‚Äù when good news was reported, the Stock Market would go up. Today, when good news is reported, th‚Ä¶ https://t.co/mW5vEWhZYY",140,961253168968622086,2018-02-07 14:59:49,Twitter for iPhone,112673,21970,1
"Congratulations @ElonMusk and @SpaceX on the successful #FalconHeavy launch. This achievement, along with @NASA‚Äôs c‚Ä¶ https://t.co/MaQocjQKcI",140,961073467784421382,2018-02-07 03:05:45,Twitter for iPhone,167605,31689,1
"HAPPY BIRTHDAY to our 40th President of the United States of America, Ronald Reagan! https://t.co/JtEglBhm4c",108,961038807658352640,2018-02-07 00:48:01,Twitter for iPhone,181706,33004,1
"Today, we heard the experiences of law enforcement professionals and community leaders working to combat the threat‚Ä¶ https://t.co/BAHG9Ajkio",140,961008057756127232,2018-02-06 22:45:50,Media Studio,76123,18359,0
We need a 21st century MERIT-BASED immigration system.  Chain migration and the visa lottery are outdated programs‚Ä¶ https://t.co/5SzmbuLXuY,139,960907362109452288,2018-02-06 16:05:42,Twitter for iPhone,92749,25633,-1
"Polling shows nearly 7 in 10 Americans support an immigration reform package that includes DACA, fully secures the‚Ä¶ https://t.co/OD93mZebu7",139,960906105982464000,2018-02-06 16:00:43,Twitter for iPhone,89740,23602,1
"My prayers and best wishes are with the family of Edwin Jackson, a wonderful young man whose life was so senselessly taken. @Colts",130,960869939694505984,2018-02-06 13:37:00,Twitter for iPhone,104740,20920,1
So disgraceful that a person illegally in our country killed @Colts linebacker Edwin Jackson. This is just one of m‚Ä¶ https://t.co/r8vqtb4Tjb,140,960868920428253184,2018-02-06 13:32:57,Twitter for iPhone,142987,36098,-1
"Thanks to the historic TAX CUTS that I signed into law, your paychecks are going way UP, your taxes are going way D‚Ä¶ https://t.co/DKVuox1qa6",140,960614513224667136,2018-02-05 20:42:01,Twitter for iPhone,105963,22850,1
"Representative Devin Nunes, a man of tremendous courage and grit, may someday be recognized as a Great American Her‚Ä¶ https://t.co/p7egMdnqQs",140,960530665702912000,2018-02-05 15:08:51,Twitter for iPhone,133763,35739,1
Any deal on DACA that does not include STRONG border security and the desperately needed WALL is a total waste of t‚Ä¶ https://t.co/BuGrQqbWfs,140,960522569492426753,2018-02-05 14:36:40,Twitter for iPhone,123378,29975,-1
"Little Adam Schiff, who is desperate to run for higher office, is one of the biggest liars and leakers in Washingto‚Ä¶ https://t.co/7csaXTJLoO",140,960492998734868480,2018-02-05 12:39:10,Twitter for iPhone,142318,42999,-1
Thank you to @foxandfriends for exposing the truth. Perhaps that‚Äôs why your ratings are soooo much better than your untruthful competition!,139,960487657691385856,2018-02-05 12:17:57,Twitter for iPhone,107635,22796,1
The Democrats are pushing for Universal HealthCare while thousands of people are marching in the UK because their U‚Ä¶ https://t.co/9JK8HHq2bb,140,960486144818450432,2018-02-05 12:11:56,Twitter for iPhone,120983,30702,0
Congratulations to the Philadelphia Eagles on a great Super Bowl victory!,73,960361010904338432,2018-02-05 03:54:42,Twitter for iPhone,212391,36357,1
My thoughts and prayers are with all of the victims involved in this mornings train collision in South Carolina. Th‚Ä¶ https://t.co/H3Ypk1ZwMt,140,960195808141414400,2018-02-04 16:58:14,Twitter for iPhone,141913,23118,0
...a tool of anti-Trump political actors. This is unacceptable in a democracy and ought to alarm anyone who wants t‚Ä¶ https://t.co/tGnYODCVQx,140,959952974826098688,2018-02-04 00:53:18,Twitter for iPhone,130813,35738,1
‚ÄúThe four page memo released Friday reports the disturbing fact about how the FBI and FISA appear to have been used‚Ä¶ https://t.co/ZT9YHhTIlA,140,959949725028974592,2018-02-04 00:40:24,Twitter for iPhone,130677,36836,-1
"Great jobs numbers and finally, after many years, rising wages- and nobody even talks about them. Only Russia, Russ‚Ä¶ https://t.co/0gYGNuj0BS",140,959946200488271872,2018-02-04 00:26:23,Twitter for iPhone,136069,30116,1
This memo totally vindicates ‚ÄúTrump‚Äù in probe. But the Russian Witch Hunt goes on and on. Their was no Collusion an‚Ä¶ https://t.co/GPYj4JbKgN,140,959798743842349056,2018-02-03 14:40:27,Twitter for iPhone,141862,39067,0
"Rasmussen just announced that my approval rating jumped to 49%, a far better number than I had in winning the Elect‚Ä¶ https://t.co/GbG8u70wTV",140,959798726381457409,2018-02-03 14:40:23,Twitter for iPhone,156589,34802,1
RT @EricTrump: #MakeAmericaGreatAgain üá∫üá∏üá∫üá∏üá∫üá∏ https://t.co/CJts3udtNO,68,959784619712401410,2018-02-03 13:44:19,Twitter for iPhone,0,12671,0
RT @EricTrump: üá∫üá∏üá∫üá∏üá∫üá∏ https://t.co/iszxYp036c,45,959783486289793024,2018-02-03 13:39:49,Twitter for iPhone,0,12248,0
"Today, it was my honor to join the great men and women of @DHSgov, @CustomsBorder, @ICEgov and @USCIS at the U.S. C‚Ä¶ https://t.co/r9EL0AhbO1",140,959553606134345728,2018-02-02 22:26:22,Twitter for iPad,71033,14535,1
‚ÄúTrump the orator outlines the greatness of America to Democrats‚Äô disgust‚Äù https://t.co/XpirrtTY6V,98,959488369293254658,2018-02-02 18:07:08,Twitter for iPad,77709,17549,0
"With 3.5 million Americans receiving bonuses or other benefits from their employers as a result of TAX CUTS, 2018 i‚Ä¶ https://t.co/cxo1rxdDsj",140,959488037766955009,2018-02-02 18:05:49,Twitter for iPad,108156,27462,-1
‚ÄúYou had Hillary Clinton and the Democratic Party try to hide the fact that they gave money to GPS Fusion to create‚Ä¶ https://t.co/A8GoOzBrPx,140,959393270144086016,2018-02-02 11:49:14,Twitter for iPhone,161838,51920,0
The top Leadership and Investigators of the FBI and the Justice Department have politicized the sacred investigativ‚Ä¶ https://t.co/xXWIyOvhi0,140,959389424806191104,2018-02-02 11:33:58,Twitter for iPhone,139290,40211,1
"The Democrats just aren‚Äôt calling about DACA. Nancy Pelosi and Chuck Schumer have to get moving fast, or they‚Äôll di‚Ä¶ https://t.co/Tuz4PCoIF4",140,959268334935203840,2018-02-02 03:32:48,Twitter for iPhone,124214,28674,1
Thank you for all of the nice compliments and reviews on the State of the Union speech. 45.6 million people watched‚Ä¶ https://t.co/HKFLkRjlGQ,140,959034299222843394,2018-02-01 12:02:49,Twitter for iPhone,184751,37163,1
"March 5th is rapidly approaching and the Democrats are doing nothing about DACA. They Resist, Blame, Complain and O‚Ä¶ https://t.co/A4qhFRv21V",140,959031505145212928,2018-02-01 11:51:43,Twitter for iPhone,123463,29752,0
Heading to beautiful West Virginia to be with great members of the Republican Party. Will be planning Infrastructur‚Ä¶ https://t.co/17g1hxSFRI,140,959029384052166657,2018-02-01 11:43:17,Twitter for iPhone,138085,28344,1
"Join me live for the #SOTU
https://t.co/0SLktWxfHi",50,958520216429957121,2018-01-31 02:00:02,Twitter for iPhone,109041,21942,1
"Congratulations to America‚Äôs new Secretary of @HHSGov, Alex Azar! https://t.co/Y9inQaCt7o",89,958070403901124609,2018-01-29 20:12:39,Twitter for iPhone,84226,16318,1
Our economy is better than it has been in many decades. Businesses are coming back to America like never before. Ch‚Ä¶ https://t.co/ZrThpTutNr,140,957603804383465472,2018-01-28 13:18:33,Twitter for iPhone,199690,42133,1
"Somebody please inform Jay-Z that because of my policies, Black Unemployment has just been reported to be at the LOWEST RATE EVER RECORDED!",139,957603800579297280,2018-01-28 13:18:32,Twitter for iPhone,240365,63855,-1
Democrats are not interested in Border Safety &amp; Security or in the funding and rebuilding of our Military. They are‚Ä¶ https://t.co/wM9cL8CBo7,144,957465263129219073,2018-01-28 04:08:02,Twitter for iPhone,157350,35747,-1
"I have offered DACA a wonderful deal, including a doubling in the number of recipients &amp; a twelve year pathway to c‚Ä¶ https://t.co/gSxSjiRcoC",144,957462746060206080,2018-01-28 03:58:02,Twitter for iPhone,175793,46808,1
"Taliban targeted innocent Afghans, brave police in Kabul today. Our thoughts and prayers go to the victims, and fir‚Ä¶ https://t.co/nxuDZV0VYZ",140,957387711693905925,2018-01-27 22:59:52,Twitter for iPhone,114286,22005,1
"On Holocaust Remembrance Day we mourn and grieve the murder of 6 million innocent Jewish men, women and children, a‚Ä¶ https://t.co/Df8jIU5KW2",140,957334999522533376,2018-01-27 19:30:24,Twitter for iPhone,107948,25830,1
Thank you to Brandon Judd of the National Border Patrol Council for his strong statement on @foxandfriends that we‚Ä¶ https://t.co/33QbAoLFxj,139,957220637705109505,2018-01-27 11:55:58,Twitter for iPhone,124233,29111,1
Thank you for the wonderful welcome @WEF! #Davos2018 https://t.co/IQkoQJxR5B,76,957032249509097472,2018-01-26 23:27:23,Twitter for iPhone,72339,16274,1
DACA has been made increasingly difficult by the fact that Cryin‚Äô Chuck Schumer took such a beating over the shutdo‚Ä¶ https://t.co/5faBeqcNP9,140,956938973326098432,2018-01-26 17:16:44,Twitter for iPhone,119436,26207,-1
"Heading back from a very exciting two days in Davos, Switzerland. Speech on America‚Äôs economic revival was well rec‚Ä¶ https://t.co/JbNNrNVH9z",140,956937916374138880,2018-01-26 17:12:32,Twitter for iPhone,112286,22550,1
"Join me live at the 2018 World Economic Forum in Davos, Switzerland! #WEF18 https://t.co/fdHejCmv73 https://t.co/DuKJlVTWB8",123,956873004776116225,2018-01-26 12:54:36,Twitter for iPhone,52454,10065,1
Great bilateral meeting with President @Alain_Berset of the Swiss Confederation - as we continue to strengthen our‚Ä¶ https://t.co/3bK58PuFPd,139,956849981528379392,2018-01-26 11:23:07,Twitter for iPhone,55913,10714,1
"It was an honor to meet with Republic of Rwanda President Paul Kagame this morning in Davos, Switzerland. Many grea‚Ä¶ https://t.co/tiD5NSYYwB",140,956840839627595776,2018-01-26 10:46:48,Twitter for iPhone,63723,12441,1
"Will be interviewed on  @SquawkCNBC by @JoeSquawk coming up at 6:00amE from Davos, Switzerland. Enjoy! #WEF18 https://t.co/7egYlxnFBd",133,956831942351183873,2018-01-26 10:11:26,Twitter for iPhone,36769,6556,1
"Today, Americans everywhere remember the brave men and women of @NASA who lost their lives in our Nation‚Äôs eternal‚Ä¶ https://t.co/KMP2MhJVLS",139,956657520562573312,2018-01-25 22:38:21,Twitter for iPhone,84198,17716,1
"Very productive bilateral meeting with Prime Minister Benjamin @Netanyahu of Israel - in Davos, Switzerland! #WEF18 https://t.co/2sZM9YI7tJ",139,956588348864454656,2018-01-25 18:03:29,Twitter for iPhone,73044,15114,1
"Great bilateral meeting with Prime Minister Theresa May of the United Kingdom, affirming the special relationship a‚Ä¶ https://t.co/6bIzOEo8DK",140,956578887160532992,2018-01-25 17:25:53,Twitter for iPhone,76568,15993,1
"Will soon be heading to Davos, Switzerland, to tell the world how great America is and is doing. Our economy is now‚Ä¶ https://t.co/OwSYSiCiKe",140,956322473955545089,2018-01-25 00:27:00,Twitter for iPhone,153019,28348,1
It was my great honor to welcome Mayor‚Äôs from across America to the WH. My Administration will always support local‚Ä¶ https://t.co/N7Z9Dw3uIi,140,956298399946563585,2018-01-24 22:51:20,Media Studio,79434,16764,1
"Earlier today, I spoke with @GovMattBevin of Kentucky regarding yesterday‚Äôs shooting at Marshall County High School‚Ä¶ https://t.co/20Bf0p7oFT",140,956261892640604161,2018-01-24 20:26:16,Twitter for iPhone,98916,19248,1
Tremendous investment by companies from all over the world being made in America. There has never been anything lik‚Ä¶ https://t.co/sUp4LsbXhz,140,956134228726558720,2018-01-24 11:58:58,Twitter for iPhone,147492,33207,1
"Cryin‚Äô Chuck Schumer fully understands, especially after his humiliating defeat, that if there is no Wall, there is‚Ä¶ https://t.co/oaabUSfT9w",140,956015565776277510,2018-01-24 04:07:27,Twitter for iPhone,155124,36640,0
"Where are the 50,000 important text messages between FBI lovers Lisa Page and Peter Strzok?  Blaming Samsung!",109,956012274942128128,2018-01-24 03:54:22,Twitter for iPhone,127893,32072,1
"Thank you to General John Kelly, who is doing a fantastic job, and all of the Staff and others in the White House,‚Ä¶ https://t.co/q4hhzEEjor",139,955806333667807232,2018-01-23 14:16:02,Twitter for iPhone,97835,21535,1
"Nobody knows for sure that the Republicans &amp; Democrats will be able to reach a deal on DACA by February 8, but ever‚Ä¶ https://t.co/2qBHLtCo1u",144,955795912374267907,2018-01-23 13:34:37,Twitter for iPhone,112855,24029,1
"In one of the biggest stories in a long time, the FBI now says it is missing five months worth of lovers Strzok-Pag‚Ä¶ https://t.co/Zwg2yDeEwz",140,955771016319590400,2018-01-23 11:55:42,Twitter for iPhone,134734,36710,1
Even Crazy Jim Acosta of Fake News CNN agrees: ‚ÄúTrump World and WH sources dancing in end zone: Trump wins again...‚Ä¶ https://t.co/X4ncbncUqi,140,955764970590961665,2018-01-23 11:31:40,Twitter for iPhone,129442,27242,-1
"Big win for Republicans as Democrats cave on Shutdown. Now I want a big win for everyone, including Republicans, De‚Ä¶ https://t.co/jzJKY5vaAz",140,955658992793149440,2018-01-23 04:30:33,Twitter for iPhone,133689,28032,1
End the Democrats Obstruction! https://t.co/tzBXilvW1b,54,955458357200130049,2018-01-22 15:13:18,Twitter for iPhone,93244,21624,0
Democrats have shut down our government in the interests of their far left base. They don‚Äôt want to do it but are powerless!,124,955428815777533952,2018-01-22 13:15:55,Twitter for iPhone,109777,22194,-1
The Democrats are turning down services and security for citizens in favor of services and security for non-citizens. Not good!,127,955426609326100480,2018-01-22 13:07:09,Twitter for iPhone,132289,33295,-1
Thank you to Brad Blakeman on @FoxNews for grading year one of my presidency with an ‚ÄúA‚Äù-and likewise to Doug Schoe‚Ä¶ https://t.co/RnE8Gh9xnh,140,955249077645643776,2018-01-22 01:21:42,Twitter for iPhone,126914,23581,0
Great to see how hard Republicans are fighting for our Military and Safety at the Border. The Dems just want illega‚Ä¶ https://t.co/px3zwtzYOV,140,955056249925750784,2018-01-21 12:35:28,Twitter for iPhone,178570,47479,1
RT @realDonaldTrump: Democrats are holding our Military hostage over their desire to have unchecked illegal immigration. Can‚Äôt let that hap‚Ä¶,140,955052436187701248,2018-01-21 12:20:19,Twitter for iPhone,0,44585,-1
"RT @FoxNews: .@EricTrump: ""My father was elected for one reason, and that's because he actually believes in putting America first, which is‚Ä¶",140,954905101717655552,2018-01-21 02:34:52,Twitter for iPhone,0,14293,1
"RT @FoxNews: .@KellyannePolls: ""Since @POTUS took office, 863,000 new jobs were filled by women. Over half a million American women have en‚Ä¶",140,954904669112995840,2018-01-21 02:33:09,Twitter for iPhone,0,14459,1
"RT @FoxNews: .@davidwebbshow: ""Let's look at the calendar. It's January 20th. DACA expires on March 5th. That means this was a construct of‚Ä¶",140,954904246494916609,2018-01-21 02:31:28,Twitter for iPhone,0,13052,0
"RT @FoxNews: .@EricTrump: ""People have seen a year that's incredible, that's been filled with nothing but the best for our country, America‚Ä¶",140,954904160016785413,2018-01-21 02:31:07,Twitter for iPhone,0,7337,1
Eric Trump on @JudgeJeanine on @FoxNews now!,44,954901073587834882,2018-01-21 02:18:51,Twitter for iPhone,46690,6341,0
"The Trump Administration has terminated more UNNECESSARY Regulation, in just twelve months, than any other Administ‚Ä¶ https://t.co/SFS1cXtdx5",140,954878124214415360,2018-01-21 00:47:40,Twitter for iPhone,154619,31696,-1
RT @realDonaldTrump: Democrats are far more concerned with Illegal Immigrants than they are with our great Military or Safety at our danger‚Ä¶,140,954876269300248576,2018-01-21 00:40:18,Twitter for iPhone,0,42301,1
"Unprecedented success for our Country, in so many ways, since the Election. Record Stock Market, Strong on Military‚Ä¶ https://t.co/S9Vev9LI6r",140,954843844402647040,2018-01-20 22:31:27,Twitter for iPhone,130655,28835,1
"Beautiful weather all over our great country, a perfect day for all Women to March. Get out there now to celebrate‚Ä¶ https://t.co/0mof82VUry",139,954788467069870081,2018-01-20 18:51:24,Twitter for iPhone,209087,53305,1
Democrats are holding our Military hostage over their desire to have unchecked illegal immigration. Can‚Äôt let that happen!,122,954722155463430145,2018-01-20 14:27:54,Twitter for iPhone,168511,44585,-1
#AMERICA FIRST!,15,954681839419101185,2018-01-20 11:47:42,Twitter for iPhone,123404,31608,1
"For those asking, the Republicans only have 51 votes in the Senate, and they need 60. That is why we need to win mo‚Ä¶ https://t.co/VAQ4O1yYv5",140,954680914998648833,2018-01-20 11:44:01,Twitter for iPhone,154746,39969,1
This is the One Year Anniversary of my Presidency and the Democrats wanted to give me a nice present. #DemocratShutdown,119,954678287820902401,2018-01-20 11:33:35,Twitter for iPhone,123818,30384,1
Democrats are far more concerned with Illegal Immigrants than they are with our great Military or Safety at our dan‚Ä¶ https://t.co/eHAkBL3AjB,140,954674157144477696,2018-01-20 11:17:10,Twitter for iPhone,144783,42301,1
Not looking good for our great Military or Safety &amp; Security on the very dangerous Southern Border. Dems want a Shu‚Ä¶ https://t.co/Zs62ydrvwQ,144,954541219970977793,2018-01-20 02:28:56,Twitter for iPhone,117360,31194,1
Excellent preliminary meeting in Oval with @SenSchumer - working on solutions for Security and our great Military t‚Ä¶ https://t.co/EC7lpgkNxk,140,954478044487520257,2018-01-19 22:17:53,Twitter for iPhone,64898,13017,1
Just signed 702 Bill to reauthorize foreign intelligence collection. This is NOT the same FISA law that was so wron‚Ä¶ https://t.co/20fZau7RFT,140,954456754137501697,2018-01-19 20:53:17,Twitter for iPhone,128901,27821,-1
"Today, I was honored and proud to address the 45th Annual @March_for_Life! You are living witnesses of this year‚Äôs‚Ä¶ https://t.co/eZL7D5NtYg",139,954423170299199488,2018-01-19 18:39:50,Twitter for iPhone,96682,24874,1
"‚ÄúShutting down the government is a very serious thing. People die, accidents happen. I don‚Äôt know how I would vote‚Ä¶ https://t.co/UdjOG3Ynvl",139,954390114968498176,2018-01-19 16:28:29,Twitter for iPhone,49650,15501,-1
".@WhiteHouse Briefing with Director Marc Short and Director Mick Mulvaney...
https://t.co/0O0VsYXmHB",100,954386490842378241,2018-01-19 16:14:05,Twitter for iPhone,44070,8492,0
Government Funding Bill past last night in the House of Representatives. Now Democrats are needed if it is to pass‚Ä¶ https://t.co/xK33TIW16o,139,954323750949982208,2018-01-19 12:04:47,Twitter for iPhone,110736,25884,-1
House of Representatives needs to pass Government Funding Bill tonight. So important for our country - our Military needs it!,125,954136290768846850,2018-01-18 23:39:53,Twitter for iPhone,101878,20254,1
"AMERICA will once again be a NATION that thinks big, dreams bigger, and always reaches for the stars. YOU are the o‚Ä¶ https://t.co/VYcBBrQ3pG",140,954097213608570880,2018-01-18 21:04:36,Twitter for iPhone,103400,26042,0
"Departing Pittsburgh now, where it was my great honor to stand with our incredible workers, and to show the world t‚Ä¶ https://t.co/hig8AOxDFs",140,954092417250222082,2018-01-18 20:45:33,Twitter for iPhone,75918,15202,1
A government shutdown will be devastating to our military...something the Dems care very little about!,102,953987636057821184,2018-01-18 13:49:11,Twitter for iPhone,90745,21765,-1
"CHIP should be part of a long term solution, not a 30 Day, or short term, extension!",84,953984671674662912,2018-01-18 13:37:24,Twitter for iPhone,62644,12006,-1
We need the Wall for the safety and security of our country. We need the Wall to help stop the massive inflow of dr‚Ä¶ https://t.co/wlyEE41v2w,140,953979393180950528,2018-01-18 13:16:26,Twitter for iPhone,123809,29062,0
"Will be going to Pennsylvania today in order to give my total support to RICK SACCONE, running for Congress in a Sp‚Ä¶ https://t.co/zPK4tKI6Vp",140,953973568035086336,2018-01-18 12:53:17,Twitter for iPhone,85460,17141,0
"....The Wall will be paid for, directly or indirectly, or through longer term reimbursement, by Mexico, which has a‚Ä¶ https://t.co/J09b17pLIi",140,953951365532876800,2018-01-18 11:25:03,Twitter for iPhone,112150,28040,1
"The Wall is the Wall, it has never changed or evolved from the first day I conceived of it. Parts will be, of neces‚Ä¶ https://t.co/3UJscR3WGL",140,953948941674078208,2018-01-18 11:15:25,Twitter for iPhone,94472,21508,1
"ISIS is in retreat, our economy is booming, investments and jobs are pouring back into the country, and so much mor‚Ä¶ https://t.co/pXV43doqxa",140,953796944564031489,2018-01-18 01:11:26,Twitter for iPhone,178875,39820,1
"Despite some very corrupt and dishonest media coverage, there are many great reporters I respect and lots of GOOD N‚Ä¶ https://t.co/XtmYEpRDAu",140,953795518592843777,2018-01-18 01:05:46,Twitter for iPhone,112173,22335,1
"And the FAKE NEWS winners are...
https://t.co/59G6x2f7fD",56,953794085751574534,2018-01-18 01:00:05,Twitter for iPhone,112223,41272,-1
Main Street is BACK! Strongest Holiday Sales bump since the Great Recession -- beating forecasts by BILLIONS OF DOL‚Ä¶ https://t.co/NzP72Zarmr,140,953773110553186312,2018-01-17 23:36:44,Twitter for iPhone,68111,15544,1
"During the campaign, I promised to MAKE AMERICA GREAT AGAIN by bringing businesses and jobs back to our country. I‚Ä¶ https://t.co/OQ1fA6odh7",139,953772162665590787,2018-01-17 23:32:58,Twitter for iPhone,99101,24583,1
I promised that my policies would allow companies like Apple to bring massive amounts of money back to the United S‚Ä¶ https://t.co/aWutB2fro3,140,953771038114045954,2018-01-17 23:28:30,Twitter for iPhone,92293,24336,0
"Today, we witnessed an incredible moment in history ‚Äì the presentation of Congress‚Äô highest civilian honor to our f‚Ä¶ https://t.co/svBhsLy1By",140,953768657221451776,2018-01-17 23:19:02,Media Studio,75120,15472,1
Eric Trump on @foxandfriends  now!,34,953614071336701952,2018-01-17 13:04:46,Twitter for iPhone,54454,6711,0
"....we need to keep America safe, including moving away from a random chain migration and lottery system, to one th‚Ä¶ https://t.co/wMQB8vJ3Cs",140,953406553083777029,2018-01-16 23:20:10,Twitter for iPhone,81725,18985,0
New report from DOJ &amp; DHS shows that nearly 3 in 4 individuals convicted of terrorism-related charges are foreign-b‚Ä¶ https://t.co/9F2yHphpOi,144,953406423177859073,2018-01-16 23:19:39,Twitter for iPhone,100031,25731,1
"Today, it was my honor to welcome President Nursultan Nazarbayev of Kazakhstan to the @WhiteHouse! https://t.co/TerYFZViax",122,953360619834691585,2018-01-16 20:17:39,Twitter for iPhone,56036,9912,1
"‚ÄúPresident Donald J. Trump Proclaims January 16, 2018, as Religious Freedom Day‚Äù https://t.co/bD3R2dJfyp",104,953352036309000194,2018-01-16 19:43:32,Twitter for iPhone,73867,19502,0
Unemployment for Black Americans is the lowest ever recorded. Trump approval ratings with Black Americans has doubl‚Ä¶ https://t.co/T5tmchLiz8,140,953273134655987716,2018-01-16 14:30:00,Twitter for iPhone,113215,28024,-1
‚Äú90% of Trump 2017 news coverage was negative‚Äù -and much of it contrived!@foxandfriends,87,953271789790138368,2018-01-16 14:24:40,Twitter for iPhone,73202,16182,-1
